                  epoch,         train/box_loss,         train/cls_loss,         train/dfl_loss,   metrics/precision(B),      metrics/recall(B),       metrics/mAP50(B),    metrics/mAP50-95(B),           val/box_loss,           val/cls_loss,           val/dfl_loss,                 lr/pg0,                 lr/pg1,                 lr/pg2
                      1,                 1.7743,                  2.096,                 1.6852,                0.48299,                0.06112,                0.07927,                0.04634,                 1.5204,                 2.5204,                0.96765,              0.0033201,              0.0033201,              0.0033201
                      2,                 1.2843,                  1.001,                 1.3205,                0.25008,                0.03054,                0.03307,                0.02132,                 1.2974,                 2.1288,                0.87503,              0.0065875,              0.0065875,              0.0065875
                      3,                 1.2316,                0.93996,                 1.2824,                0.19659,                0.01776,                0.01922,                0.01187,                 1.5302,                 3.1334,                0.96923,               0.009789,               0.009789,               0.009789
                      4,                 1.2384,                0.93732,                 1.2877,                0.21557,                   0.03,                0.03363,                0.02207,                 1.3608,                 2.3592,                0.92964,               0.009703,               0.009703,               0.009703
                      5,                 1.1128,                0.80648,                 1.2097,                0.38101,                0.03434,                0.04797,                0.02838,                 1.2935,                 2.1816,                0.87797,               0.009604,               0.009604,               0.009604
                      6,                 1.0067,                0.71534,                 1.1504,                0.57412,                0.04767,                0.05506,                0.03696,                 1.1465,                 1.8467,                0.81701,               0.009505,               0.009505,               0.009505
